{
    "center": [
        -0.05617190013212251,
        -0.07140348703372637,
        0.644571604125965
    ],
    "rotation_matrix": [
        [
            0.7332574471324004,
            0.6771517985434969,
            -0.061635687342499676
        ],
        [
            0.6773075836366189,
            -0.7353851011626474,
            -0.021521852530093154
        ],
        [
            -0.05989952732033392,
            -0.025965259815954496,
            -0.9978666503644115
        ]
    ],
    "dimensions": [
        0.08290823549032211,
        0.08358650654554367,
        0.10344030992130893
    ],
    "T_B_6_scan": [
        [
            0.7087315041654303,
            -0.7037289390812319,
            -0.04965113596898232,
            0.10037465413335948
        ],
        [
            -0.7033526108788025,
            -0.7103032213383843,
            0.027648481446300822,
            0.417796759815209
        ],
        [
            -0.054724398337290654,
            0.015326906273555357,
            -0.9983838571264579,
            0.7444756333704792
        ],
        [
            0.0,
            0.0,
            0.0,
            1.0
        ]
    ]
}